parameter,value
Tinf_fitted,29.650460517823422
A,-0.12315845734579967
B,0.41360907442679135
Tinf_reference,29.763
